{
  "Delete Request" : {
    "transaction" : "Delete Request",
    "sampleCount" : 45,
    "errorCount" : 6,
    "errorPct" : 13.333333,
    "meanResTime" : 594.7555555555557,
    "medianResTime" : 339.0,
    "minResTime" : 323.0,
    "maxResTime" : 2354.0,
    "pct1ResTime" : 1434.1999999999998,
    "pct2ResTime" : 2025.399999999999,
    "pct3ResTime" : 2354.0,
    "throughput" : 2.261420171867933,
    "receivedKBytesPerSec" : 5.424512930926177,
    "sentKBytesPerSec" : 0.49468566259611035
  },
  "Get Request" : {
    "transaction" : "Get Request",
    "sampleCount" : 45,
    "errorCount" : 1,
    "errorPct" : 2.2222223,
    "meanResTime" : 5226.999999999999,
    "medianResTime" : 4300.0,
    "minResTime" : 1033.0,
    "maxResTime" : 13481.0,
    "pct1ResTime" : 8914.0,
    "pct2ResTime" : 11488.399999999987,
    "pct3ResTime" : 13481.0,
    "throughput" : 1.9139162980605648,
    "receivedKBytesPerSec" : 82.9497055360029,
    "sentKBytesPerSec" : 0.25606106722099353
  },
  "Patch Request" : {
    "transaction" : "Patch Request",
    "sampleCount" : 45,
    "errorCount" : 3,
    "errorPct" : 6.6666665,
    "meanResTime" : 517.5333333333332,
    "medianResTime" : 339.0,
    "minResTime" : 325.0,
    "maxResTime" : 3580.0,
    "pct1ResTime" : 760.8,
    "pct2ResTime" : 2486.6999999999935,
    "pct3ResTime" : 3580.0,
    "throughput" : 2.2973248927915053,
    "receivedKBytesPerSec" : 3.1922745271339594,
    "sentKBytesPerSec" : 0.4307484173984072
  },
  "PUT Request" : {
    "transaction" : "PUT Request",
    "sampleCount" : 45,
    "errorCount" : 3,
    "errorPct" : 6.6666665,
    "meanResTime" : 679.2666666666665,
    "medianResTime" : 338.0,
    "minResTime" : 321.0,
    "maxResTime" : 7378.0,
    "pct1ResTime" : 1510.5999999999997,
    "pct2ResTime" : 2882.5999999999954,
    "pct3ResTime" : 7378.0,
    "throughput" : 2.2934610876102135,
    "receivedKBytesPerSec" : 3.183769940370012,
    "sentKBytesPerSec" : 0.42554453774017637
  },
  "Post Request" : {
    "transaction" : "Post Request",
    "sampleCount" : 45,
    "errorCount" : 1,
    "errorPct" : 2.2222223,
    "meanResTime" : 569.7555555555555,
    "medianResTime" : 339.0,
    "minResTime" : 325.0,
    "maxResTime" : 3243.0,
    "pct1ResTime" : 1247.3999999999999,
    "pct2ResTime" : 1987.9999999999993,
    "pct3ResTime" : 3243.0,
    "throughput" : 2.295567005050247,
    "receivedKBytesPerSec" : 2.4578707659541905,
    "sentKBytesPerSec" : 0.43041881344692134
  },
  "Total" : {
    "transaction" : "Total",
    "sampleCount" : 225,
    "errorCount" : 14,
    "errorPct" : 6.2222223,
    "meanResTime" : 1517.6622222222215,
    "medianResTime" : 341.0,
    "minResTime" : 321.0,
    "maxResTime" : 13481.0,
    "pct1ResTime" : 4783.6,
    "pct2ResTime" : 6982.599999999999,
    "pct3ResTime" : 11606.080000000027,
    "throughput" : 8.627631427585413,
    "receivedKBytesPerSec" : 85.56449723676138,
    "sentKBytesPerSec" : 1.5755537860922582
  }
}